{
    "LeftForeArm": [
        -4.019995800558848,
        -11.857515008350695,
        3.7151885258458335
    ],
    "LeftHand": [
        -13.24621288853897,
        -6.560717211604208,
        12.366407017265905
    ],
    "RightHand": [
        -8.798814135396093,
        -6.887112240026001,
        -6.084509813260555
    ],
    "Neck": [
        4.019256448153944,
        -0.3184739562834688,
        -0.24580550069052534
    ],
    "RightForeArm": [
        -14.191400403284398,
        -2.0007419144588905,
        -2.7140044202064804
    ],
    "LeftArm": [
        -55.39252910431361,
        -7.9223247954969604,
        -4.231380478088759
    ],
    "RightShoulder": [
        -23.597891660260267,
        -9.34099389554938,
        -4.957665096185395
    ],
    "Head": [
        -0.1665766397946381,
        8.926580575829812,
        -3.3193082191731786
    ],
    "RightFoot": [
        -1.4910550319715772,
        -5.3366239988661786,
        -2.9304976079863283
    ],
    "LeftUpLeg": [
        4.917690728685998,
        -1.9822702808430779,
        7.33809273739615
    ],
    "RightUpLeg": [
        7.290835063045518,
        1.2905692889693787,
        -5.6601801827602225
    ],
    "RightLeg": [
        6.994788032919038,
        1.2905550395345007,
        -5.660189133790979
    ],
    "Spine1": [
        -12.924974036252102,
        -4.984154244543558,
        1.165590407493394
    ],
    "RightArm": [
        -56.783328270696124,
        -1.6531834429344032,
        5.319408531760868
    ],
    "LeftShoulder": [
        -22.82085062341399,
        -0.786248333574629,
        7.319938133178471
    ],
    "LeftLeg": [
        8.191087820073212,
        -1.9822636181896258,
        7.338099590121959
    ],
    "LeftFoot": [
        -0.7112377674053719,
        1.0341225258146949,
        1.1806674951057174
    ],
    "Spine": [
        9.634222099782827,
        -2.5217132611489212,
        1.1983669516261708
    ],
    "Hips": [
        0.4007811432748009,
        -1.9119295895739403,
        1.3121729482664553
    ]
}