{
  "offsets_map": {
    "Spine1": [
      0.11200094880999326,
      0.04434646198469471,
      -0.0052036524086248315,
      0.992704437774261
    ],
    "RightShoulder": [
      0.207055619990468,
      0.0708159291541078,
      0.05882999193532923,
      0.9739877342437596
    ],
    "Spine": [
      -0.08417981123763785,
      0.021047438054776494,
      -0.01226579456565158,
      0.9961527568676399
    ],
    "RightArm": [
      0.47434565875607704,
      0.03473994991894791,
      -0.03396587396086387,
      0.8789969575060923
    ],
    "RightFoot": [
      0.014183499486275387,
      0.046202482969637915,
      0.0261462832206274,
      0.9984891240186394
    ],
    "LeftForeArm": [
      0.03152175595537751,
      0.10430483134470434,
      -0.028601291443206306,
      0.9936341616447288
    ],
    "Head": [
      -0.0008052214146956651,
      -0.07782959538967252,
      0.028761439751215194,
      0.9965513962076369
    ],
    "LeftFoot": [
      0.006299074722610272,
      -0.008959700818936808,
      -0.0103584752690406,
      0.9998863672482863
    ],
    "LeftUpLeg": [
      -0.043913352300927,
      0.01450135046555725,
      -0.06466527904930848,
      0.9968348559364509
    ],
    "LeftHand": [
      0.10835679398134003,
      0.06891167790871523,
      -0.10025236423265874,
      0.9866404863533896
    ],
    "RightLeg": [
      -0.06147989200729364,
      -0.008215492855038016,
      0.04996548188830473,
      0.996823043060096
    ],
    "RightUpLeg": [
      -0.06405497942362537,
      -0.008086508820554757,
      0.04998646980099311,
      0.9966608855688922
    ],
    "LeftShoulder": [
      0.19699823040923725,
      0.01934048875111152,
      -0.06121728323743986,
      0.9782995895652437
    ],
    "RightForeArm": [
      0.12388383339472038,
      0.0143953934766737,
      0.025653023765009688,
      0.9918606206729819
    ],
    "LeftLeg": [
      -0.07236692507939163,
      0.012648409266213254,
      -0.06505313875356221,
      0.995173922003535
    ],
    "Hips": [
      -0.003687792558053323,
      0.01664272065194332,
      -0.011507302897964946,
      0.9997884786370388
    ],
    "Neck": [
      -0.035061264058859745,
      0.002852711564402619,
      0.002046268999339255,
      0.9993789984698036
    ],
    "LeftArm": [
      0.46561598598893217,
      0.044006000064843,
      0.06469497260844909,
      0.8815212907633256
    ],
    "RightHand": [
      0.07964070953087561,
      0.05574006790484106,
      0.057421532446766545,
      0.9936061442175402
    ]
  },
  "metadata": {
    "fs": 120.0,
    "window_duration_sec": 1.0,
    "quat_order": "xyzw",
    "hemisphere_alignment_applied": true,
    "v_pose_correction_applied": true,
    "v_pose_correction_quat_xyzw": [
      -0.21333965486830475,
      -2.3920492008566063e-18,
      -0.6546491081099256,
      0.7252039278103448
    ],
    "shoulder_joints": [
      "LeftShoulder",
      "RightShoulder"
    ],
    "time_window": [
      3.7,
      4.7
    ]
  }
}