{
    "LeftForeArm__qx": -0.03152175595537751,
    "LeftForeArm__qy": -0.10430483134470434,
    "LeftForeArm__qz": 0.028601291443206306,
    "LeftForeArm__qw": 0.9936341616447288,
    "LeftHand__qx": -0.10835679398134003,
    "LeftHand__qy": -0.06891167790871523,
    "LeftHand__qz": 0.10025236423265874,
    "LeftHand__qw": 0.9866404863533896,
    "RightHand__qx": -0.07964070953087561,
    "RightHand__qy": -0.05574006790484106,
    "RightHand__qz": -0.057421532446766545,
    "RightHand__qw": 0.9936061442175402,
    "Neck__qx": 0.035061264058859745,
    "Neck__qy": -0.002852711564402619,
    "Neck__qz": -0.002046268999339255,
    "Neck__qw": 0.9993789984698036,
    "RightForeArm__qx": -0.12388383339472038,
    "RightForeArm__qy": -0.0143953934766737,
    "RightForeArm__qz": -0.025653023765009688,
    "RightForeArm__qw": 0.9918606206729819,
    "LeftArm__qx": -0.46561598598893217,
    "LeftArm__qy": -0.044006000064843,
    "LeftArm__qz": -0.06469497260844909,
    "LeftArm__qw": 0.8815212907633256,
    "RightShoulder__qx": -0.207055619990468,
    "RightShoulder__qy": -0.0708159291541078,
    "RightShoulder__qz": -0.05882999193532923,
    "RightShoulder__qw": 0.9739877342437596,
    "Head__qx": 0.0008052214146956651,
    "Head__qy": 0.07782959538967252,
    "Head__qz": -0.028761439751215194,
    "Head__qw": 0.9965513962076369,
    "RightFoot__qx": -0.014183499486275387,
    "RightFoot__qy": -0.046202482969637915,
    "RightFoot__qz": -0.0261462832206274,
    "RightFoot__qw": 0.9984891240186394,
    "LeftUpLeg__qx": 0.043913352300927,
    "LeftUpLeg__qy": -0.01450135046555725,
    "LeftUpLeg__qz": 0.06466527904930848,
    "LeftUpLeg__qw": 0.9968348559364509,
    "RightUpLeg__qx": 0.06405497942362537,
    "RightUpLeg__qy": 0.008086508820554757,
    "RightUpLeg__qz": -0.04998646980099311,
    "RightUpLeg__qw": 0.9966608855688922,
    "RightLeg__qx": 0.06147989200729364,
    "RightLeg__qy": 0.008215492855038016,
    "RightLeg__qz": -0.04996548188830473,
    "RightLeg__qw": 0.996823043060096,
    "Spine1__qx": -0.11200094880999326,
    "Spine1__qy": -0.04434646198469471,
    "Spine1__qz": 0.0052036524086248315,
    "Spine1__qw": 0.992704437774261,
    "RightArm__qx": -0.47434565875607704,
    "RightArm__qy": -0.03473994991894791,
    "RightArm__qz": 0.03396587396086387,
    "RightArm__qw": 0.8789969575060923,
    "LeftShoulder__qx": -0.19699823040923725,
    "LeftShoulder__qy": -0.01934048875111152,
    "LeftShoulder__qz": 0.06121728323743986,
    "LeftShoulder__qw": 0.9782995895652437,
    "LeftLeg__qx": 0.07236692507939163,
    "LeftLeg__qy": -0.012648409266213254,
    "LeftLeg__qz": 0.06505313875356221,
    "LeftLeg__qw": 0.995173922003535,
    "LeftFoot__qx": -0.006299074722610272,
    "LeftFoot__qy": 0.008959700818936808,
    "LeftFoot__qz": 0.0103584752690406,
    "LeftFoot__qw": 0.9998863672482863,
    "Spine__qx": 0.08417981123763785,
    "Spine__qy": -0.021047438054776494,
    "Spine__qz": 0.01226579456565158,
    "Spine__qw": 0.9961527568676399,
    "Hips__qx": 0.003687792558053323,
    "Hips__qy": -0.01664272065194332,
    "Hips__qz": 0.011507302897964946,
    "Hips__qw": 0.9997884786370388
}